{"mountain": 0.9713086, "nature": 0.98852396, "summer": 0.9320705, "tree": 0.9618999, "travel": 0.97724533, "sky": 0.9854796, "wood": 0.9434359, "rain": 0.96332085, "water": 0.95021194, "no person": 0.9930326, "daylight": 0.8927847, "fog": 0.98643005, "sunset": 0.9503499, "cloud": 0.90171945, "storm": 0.9517649, "outdoors": 0.97942495, "sun": 0.88966095, "dawn": 0.9271856, "mist": 0.96063006, "landscape": 0.9892451}